Id,PublicId,Status,WriteError,ModifiedDatetime
1,44ECC641-31F0-40A4-AE12-0FA2DF74EDF4,flagged,,2026-07-15 02:25:36.394
2,9D0B85C9-A0D9-414A-944F-491F269987CC,pending,,2026-07-14 15:42:10.271
3,34C81172-6B08-49D8-8E0E-96ED8A333773,flagged,,2026-07-15 02:25:38.557
4,1C8119F7-A4F0-4A59-926B-A1C490A8ED2C,suggested,,2026-07-15 02:25:39.613
5,379FDFCC-A6F9-4A52-B592-D78835E668FD,suggested,,2026-07-15 02:25:40.640
7,4FBC5D3C-42EB-4331-A12C-6541434BDA61,suggested,,2026-07-15 02:25:56.284
8,301743BC-DAD4-4394-9BA6-8FF7460396AE,suggested,,2026-07-15 02:26:00.507
11,F3842BDB-EBF3-44D0-9F40-80B02326B95B,suggested,,2026-07-15 02:26:07.446
13,FEACFAED-C277-440E-B7A1-48804BE06CB3,flagged,,2026-07-15 02:26:09.636
15,1F221596-2F62-427B-82F0-B2705564430B,suggested,,2026-07-15 02:26:13.504
19,2F77C5D9-B550-416A-818F-A8DBE5F3614B,suggested,,2026-07-15 02:26:17.815
25,D4243937-9767-4F52-A3A0-646CE4994593,flagged,,2026-07-15 02:26:29.591
26,0B62E173-84B7-40C8-905E-9B36B4B10895,suggested,,2026-07-15 02:26:35.102
27,BD2E5A70-18C1-4F74-AF31-E9A728440495,suggested,,2026-07-15 02:26:36.107
32,50E47D43-2372-4A44-8E55-BA55EC8687E9,suggested,,2026-07-15 02:26:44.117
37,1F34107D-0C3C-4D78-BD3A-03F14E2E5190,suggested,,2026-07-15 02:26:51.352
38,F5BF84D1-F95B-404B-81FD-AC2F71C62AA1,suggested,,2026-07-15 02:26:53.692
39,278518E1-55BE-49A4-8BC4-A8098C8ADB2E,suggested,,2026-07-15 02:26:56.179
45,CC502C9F-1F88-4DF1-95A1-54F39A1DB1FD,suggested,,2026-07-15 02:27:05.129
46,F2F676E9-AB4E-4EBA-BE74-5F42ED10AF58,suggested,,2026-07-15 02:27:06.168
47,4621154C-C3D9-46F7-AAE0-D47798C8EAF2,flagged,,2026-07-15 02:27:06.917
50,07FF5597-92AC-4971-A579-511E56A9AE0A,suggested,,2026-07-15 02:27:09.859
52,DDA687EB-5BCB-4533-ABBA-FE86F07EB3E6,suggested,,2026-07-15 02:27:12.778
53,66E86457-35B0-41A6-918E-FFD375E1C092,suggested,,2026-07-15 02:27:14.269
54,246627D7-1787-4AC2-A172-A4B91C3B1BDA,suggested,,2026-07-15 02:27:15.875
56,FE237FB4-BD4C-4624-B627-DB6AAAE43879,suggested,,2026-07-15 02:27:18.866
57,A8D3778B-4BCF-4D52-8F41-9CF77B379F24,suggested,,2026-07-15 02:27:19.967
58,FE4A6725-0A86-431D-AC97-9A6F4CDDED03,flagged,,2026-07-15 02:27:20.683
60,733CA414-A4FE-4EBE-8EAA-10F07E3405F3,suggested,,2026-07-15 02:27:23.445
61,369CAF2E-9124-49F8-854C-BA6CCD703E00,suggested,,2026-07-15 02:27:24.818
62,356B9CA0-E7E6-4D0C-94E7-5CA53EEDF2F2,suggested,,2026-07-15 02:27:26.240
64,7C92E546-E8DA-4448-913E-D7AE1FB1270C,suggested,,2026-07-15 02:27:29.023
65,1C43A63B-3A7A-42AC-A5D2-DD3C56C80829,suggested,,2026-07-15 02:27:31.209
66,E4397338-9B32-4DE0-9A17-D8A176B2407B,suggested,,2026-07-15 02:27:33.602
67,C5F70CA3-3C25-463A-8D5F-D79E09A9F422,suggested,,2026-07-15 02:27:34.981
68,7C098886-486E-4744-967D-C4CABCDD330B,suggested,,2026-07-15 02:27:36.314
69,1951F38C-449E-4B1D-93C4-BE6CC76F8C7E,suggested,,2026-07-15 02:27:37.637
74,9CBCBF3F-67FC-4E11-AC09-4F740C10A6C2,flagged,,2026-07-15 02:27:42.892
75,93BDE893-A344-4D55-B2CA-E9C6DA6B1F40,suggested,,2026-07-15 02:27:43.887
76,F8F716BB-F7FC-4D8B-9562-E2262C241697,suggested,,2026-07-15 02:27:45.258
78,93EB0531-C517-4122-AD02-FEB148F109DF,suggested,,2026-07-15 02:27:48.016
79,E64F89F1-17BB-411D-AC64-C0A49429E519,changed_in_qbo,,2026-07-16 21:29:35.358
80,FB2E38A7-F062-4CCD-97F9-887DFF8A48CF,changed_in_qbo,,2026-07-16 21:30:11.330
81,3D73251F-2607-4339-93C9-2115EF53FF32,changed_in_qbo,,2026-07-16 21:30:34.832
82,FEBB315D-2CD9-484F-96F7-EAC4DD8EBC31,changed_in_qbo,,2026-07-16 21:31:07.622
83,A67F1696-9453-4DC8-A5ED-0704984BC899,suggested,,2026-07-15 02:27:54.926
86,808AFC61-8A27-49DF-8CF7-D91643170B61,suggested,,2026-07-15 02:28:00.193
90,A9C44A52-FEF2-4141-ABA4-8397791EB277,suggested,,2026-07-15 02:28:06.540
92,A5C104D1-C84B-4D52-8EC2-9EC47FC7E4BD,suggested,,2026-07-15 02:28:09.278
93,918BDAE9-8F49-4A16-BDED-62B13E59EED9,suggested,,2026-07-15 02:28:10.764
94,CF3959AA-FF26-4D0F-B91F-94CA47EC291D,suggested,,2026-07-15 02:28:11.884
95,8B97C42E-6561-4074-8990-D40920BCED25,suggested,,2026-07-15 02:28:13.264
96,0DF03CA1-AED8-4DF4-90B1-172BD14C1E11,flagged,,2026-07-15 02:28:13.638
97,22A1C035-F22C-41C1-B9FE-194A6287992E,suggested,,2026-07-15 02:28:15.023
99,1322683C-FD87-428F-866A-A54DD943ABE7,suggested,,2026-07-16 18:00:53.736
100,AFF46566-8A88-4A94-877F-8DAB32BE434F,suggested,,2026-07-15 02:28:18.518
102,EF7FCAF5-C7D1-4977-9573-C7AF1E9B381C,flagged,,2026-07-15 02:28:19.885
103,C9907A8B-8335-4B89-BD0E-4F17CE6F0C27,suggested,,2026-07-15 02:28:21.980
106,CEFFEA13-7595-44DE-A2C5-688CD4B61850,flagged,,2026-07-15 02:28:23.354
107,2E59FDE7-07B0-4058-BD29-DE4563076AF2,flagged,,2026-07-15 02:28:23.704
108,E400B83F-C450-4174-A7A2-A1E0758C7C5C,suggested,,2026-07-15 02:28:24.763
112,98C3ED7C-8A77-49CA-BCD8-64E9BB23B055,flagged,,2026-07-15 02:28:28.602
115,08BA2996-AE64-4114-A3C9-ACE6DA9ECD72,flagged,,2026-07-15 02:28:32.515
117,3E657F5B-86E7-42F2-A5C6-3FF32F159A64,suggested,,2026-07-15 02:28:34.855
120,36242518-0901-4153-B5DF-8EE3784E9B79,suggested,,2026-07-15 02:28:37.253
121,8197C949-57CB-4533-ADCA-3FC33EE2045A,suggested,,2026-07-15 02:28:38.337
123,91B4C9F5-694B-4CE6-860D-951A323019F8,flagged,,2026-07-15 02:28:39.720
446,B890049A-E45E-46B8-84CE-6680A0FF44F5,suggested,,2026-07-15 02:25:34.272
448,39211CC5-DD7F-41BA-BAF0-E89618A501EB,suggested,,2026-07-15 02:25:37.822
451,50235623-9E53-4D0E-B3BC-5491F0D2D024,suggested,,2026-07-15 02:25:49.877
458,0AD8EDE4-9248-4E71-AA27-A9640D91D12B,suggested,,2026-07-15 02:25:55.261
459,EAA92CB3-63D8-4B00-ABD5-8CA256D8D529,suggested,,2026-07-15 02:25:59.183
463,D2E2D2BB-409C-4613-A2AB-C04735D1EE35,suggested,,2026-07-15 02:26:20.642
465,D0262174-8DDA-43CD-A600-A544D464E32E,pending,,2026-07-14 16:59:47.163
475,D02ED367-A6E7-4D13-B822-0CD8CD8CD645,pending,,2026-07-16 17:55:18.984
476,D7492771-8BCB-4369-895C-BF2343E88D6E,pending,,2026-07-16 17:55:19.382
480,65375923-FBBA-4129-9A96-373E01FE9201,pending,,2026-07-27 19:43:23.277
481,59E92AD8-6FA2-4EDF-A416-7D29C5B0E37E,pending,,2026-07-27 19:43:24.280
482,1A00820B-3DBE-4B81-852E-48B6D251523C,pending,,2026-07-27 19:43:25.294
483,7F46A746-23AE-4C0F-BC01-FAFE0EDD1E0B,pending,,2026-07-27 19:43:26.407
484,4ADB324A-48DD-4B16-BB71-7134464DA157,pending,,2026-07-27 19:43:27.394
485,8212E789-1E91-4035-8929-07DF367D894B,pending,,2026-07-27 19:43:28.416
486,50EDFFB4-9033-4C41-BC94-46E8F1B3BE2B,pending,,2026-07-27 19:43:29.434
487,B21421B1-9CC3-4EFF-9E58-1EB885AE20FB,pending,,2026-07-27 19:43:31.252
488,54B63B51-A9C8-484B-9072-D1210E38052D,pending,,2026-07-27 19:43:33.062
489,896CF2E1-385C-4B48-BAD0-6F8E70949AD9,pending,,2026-07-27 19:43:34.056
490,004DE90E-A143-4983-9C43-C051F7863343,pending,,2026-07-27 19:43:35.015
491,F211E024-8F67-41F6-9A4D-D08E0CEB4684,pending,,2026-07-27 19:43:35.996
492,1089B200-AE1F-44CD-A3F1-DF5F70CB56CF,pending,,2026-07-27 19:43:36.988
493,DDA7B6AD-8E37-46ED-8416-490408CC3DE0,pending,,2026-07-27 19:43:37.991
494,0536C538-1FBA-40C8-BA9C-5FD2A5453004,pending,,2026-07-27 19:43:38.995
495,0C239F85-6239-4571-A942-399AF831524E,pending,,2026-07-27 19:43:39.966
496,1B75B187-84EA-47BE-B966-A54753AFF42E,pending,,2026-07-27 19:43:40.992
497,0216BEE0-3D84-4105-A5E9-1DE338903839,pending,,2026-07-27 19:43:42.023
498,2890094D-9F80-4249-9C21-B3938982EDB5,pending,,2026-07-27 19:43:43.034
500,5E4343D0-13AA-4DC0-8C7E-4AC0C46E5CF9,pending,,2026-07-27 19:43:45.100
501,60E39944-B853-433D-8219-A4CEC67ED120,pending,,2026-07-27 19:43:46.114
502,40EDD6DC-08B7-4D0A-AD74-0F788E3F1970,pending,,2026-07-27 19:43:47.157
503,51D67823-C7C6-45DC-B519-C063B09D7DE8,pending,,2026-07-27 19:43:48.142
504,FAD787C6-B880-4CC5-8167-28015DD39AC1,pending,,2026-07-27 19:43:49.119
505,072E4DA7-0C1E-4AD1-8897-C3196E555949,pending,,2026-07-27 19:43:50.150
506,677E00B0-1247-4C93-B3F4-AA46F5610CEA,pending,,2026-07-27 19:43:51.203
507,1E141E47-2EB6-42B4-BE0A-E6F5ACE4F0F1,pending,,2026-07-27 19:43:52.162
508,4076D29B-CE26-4A64-8399-E9A2A4A0A9AA,pending,,2026-07-27 19:43:53.159
509,8078782E-AB43-4575-82B2-C27961D6058F,pending,,2026-07-27 19:43:54.155
510,7E6A9EA5-63A8-41AC-813E-01385FBCA434,pending,,2026-07-27 19:43:55.131
511,0B52D459-6810-49E6-9E0A-F33A2F99C5FD,pending,,2026-07-27 19:43:56.133
512,1038E94F-A055-4647-9489-3C169060C3E3,pending,,2026-07-27 19:43:57.098
513,E736DD93-EAF9-4B9B-97F7-B335EA81FD0F,pending,,2026-07-27 19:43:58.089
514,66FF315A-D19D-4730-AC9A-7AD5A96937A5,pending,,2026-07-27 19:43:59.079
515,732DBC70-B13E-4C5C-BA39-48C0802D3F16,pending,,2026-07-27 19:44:00.052
516,052BBD0E-2D10-4545-8406-2F627A2C8915,pending,,2026-07-27 19:44:03.926
517,865F7D75-13DE-4DE2-AAC3-B9639C19FF7A,pending,,2026-07-27 19:44:05.004
518,9B9D23DB-A354-4D50-9FF9-CFAF2E017B5E,pending,,2026-07-27 19:44:06.153
519,E797778F-6B63-4E16-A896-1D9751C224C7,pending,,2026-07-27 19:44:07.118
520,8AAB6465-F96F-4A0A-9D1A-237822FC0C4A,pending,,2026-07-27 19:44:08.099
521,4EEAE0C0-B335-4139-A8A1-228927C81B31,pending,,2026-07-27 19:44:09.059
522,230FE60E-FC11-4553-9A8A-828D7AF12256,pending,,2026-07-27 19:44:10.052
523,5CE9BB4F-42A7-4C39-9DE2-48FC18376A59,pending,,2026-07-27 19:44:11.080
524,38DBA16E-8A14-4B5A-9A89-090D6D51301D,pending,,2026-07-27 19:44:12.076
525,0F10B803-C1C9-4B07-BD3D-69BED66557DC,pending,,2026-07-27 19:44:13.112
526,CFF2B9E4-ADA3-42A9-A6D6-DEF45F7A888E,pending,,2026-09-03 19:05:13.400
531,1B574F15-9281-4671-8B6A-E06714BE30FF,pending,,2026-09-03 19:05:17.026
532,E68493E3-B608-43BB-9B89-769A050176B9,pending,,2026-09-03 19:05:17.770
533,94D0177F-F474-4125-9226-6E303B64EA25,pending,,2026-09-03 19:05:18.492
541,19D9E270-80C7-4AE9-A524-4B9BA7CD80F1,pending,,2026-09-03 19:05:23.596
551,AD85C947-89DA-44E9-AD34-C52878215027,pending,,2026-09-03 19:05:31.207
563,118C3C06-2017-4726-96A0-738B5067BD06,pending,,2026-09-03 19:05:39.864
565,95F1E783-F2F8-45BE-B77D-BFEC06595C6D,pending,,2026-09-03 19:05:41.287
569,724C2D86-F6E8-46F3-B69A-905E649E19B5,pending,,2026-09-03 19:05:44.162
570,2F61B56E-6C7C-4AFE-BA0C-B022784CB3E0,pending,,2026-09-03 19:05:44.899
571,CDC95AD4-6D04-482F-8E00-1251FC0F8647,pending,,2026-09-03 19:05:45.633
585,CEF9E3FD-3B1A-4C74-84E0-7E66F2D86C2D,pending,,2026-09-08 20:49:26.351
586,B218D74E-02D6-4D16-99BD-E117C7E9CF27,pending,,2026-09-08 20:49:27.006
